path,mediator,a_x_to_m,b_m_to_y,direct_c_prime,indirect_ab,ci_low,ci_high,r2_m,r2_y,aic_y,bic_y,contribution
技术创新传导,low_规模以上工业企业R&D经费,1.7828470153762732,0.0218395689227876,0.2157168818272187,0.04658199071440785,-0.027836024585622413,0.11525179899673428,0.6148717706196372,0.8868058104586743,-1010.997301297466,-986.6328288340721,0.12781089987713112
产业结构升级,low_低空经济产业规模,0.8157242072690774,0.28721818401031274,0.02036266663323938,0.24981609818548287,0.19436766005553674,0.32119992425150334,0.6106244266167293,0.9174676622803267,-1086.816816436406,-1062.4523439730121,0.6854413008803545
交通结构优化,green_新能源车辆占有率,0.2474345770836207,0.2812088214633661,0.18507270628734357,0.06806214695783867,0.021317250232060655,0.11204568967153393,0.5913718289479585,0.9391299993069452,-1159.884752838221,-1135.520280374827,0.18674779924251433
