region,direct,indirect,total,技术创新传导,产业结构升级,交通结构优化
东部,0.3197678466343494,-0.21749169713060368,0.10227614950374568,0.18351880011400418,0.5323378503705167,0.2841433495154791
中部,0.2442819971842651,0.03332074006653982,0.2776027372508049,4.7882843151611665,-5.772729751560234,1.9844454363990671
西部,0.4246671326177828,1.28177576114136,1.706442893759143,0.08824274721471957,0.4267375849206648,0.48501966786461553
东北,-0.5754061072840138,-0.3491733541554175,-0.9245794614394313,0.4028066119465067,0.7065199033531865,-0.10932651529969313
