effect,coef_econ_w,p_econ_w
direct,0.3990839529095021,5.07140410799675e-42
indirect,0.20476411442065162,0.978567858813013
total,0.6038480673301537,
