effect,coef,p_value
direct,0.3615123001416323,3.2922013725081697e-42
indirect,-0.1449681198658737,0.0008859364126723912
total,0.2165441802757586,
