方法,改进时间衰减法,传统CRITIC熵权法,单纯熵权法
改进时间衰减法,1.0,1.0,0.981160667374088
传统CRITIC熵权法,1.0,1.0,0.9811606673740876
单纯熵权法,0.981160667374088,0.9811606673740876,1.0
