方法,改进时间衰减法,传统CRITIC熵权法,单纯熵权法
改进时间衰减法,1.0,0.9994923288363687,0.9752164783188434
传统CRITIC熵权法,0.9994923288363687,1.0,0.9811606673740876
单纯熵权法,0.9752164783188434,0.9811606673740876,1.0
