方法,改进时间衰减法,传统CRITIC熵权法,单纯熵权法
改进时间衰减法,1.0,0.9994158709536944,0.9749338262781329
传统CRITIC熵权法,0.9994158709536944,1.0,0.9811606673740876
单纯熵权法,0.9749338262781329,0.9811606673740876,1.0
