Path,IndirectEffect,CI_Low,CI_High,Contribution
技术创新传导,0.04658199071440785,-0.027836024585622413,0.11525179899673428,0.12781089987713112
产业结构升级,0.24981609818548287,0.19436766005553674,0.32119992425150334,0.6854413008803545
交通结构优化,0.06806214695783867,0.021317250232060655,0.11204568967153393,0.18674779924251433
