EffectCN,coef,p_value
Direct,0.3615123001416323,3.2922013725081697e-42
Indirect,-0.1449681198658737,0.0008859364126723912
Total,0.2165441802757586,
